name,proba_label_0,proba_label_1,proba_label_2
user,0.9944636464710959,0.00303375985548798,0.002502593673416258
