name,proba_label_0,proba_label_1,proba_label_2
user,0.002034846192937012,0.029489035523600233,0.9684761182834628
