name,proba_label_0,proba_label_1
user,0.6395385077521988,0.36046149224780116
