name,proba_label_0,proba_label_1
user,0.9758339170527827,0.024166082947217227
